{"robot_axes": "sxyz", "robot_tcp": [0, 0, 79.0, 0, 0, 0], "base_frame": [0, 0, 0, 0, 0, 0], "work_frame": [22, -427, 90, -180, 0, 90], "base_home_pose": [109.3, -487.1, 351.4, -180, 0, 90], "work_start_pose": [0, 0, -10, 0, 0, 0], "x_rng": [0, 0], "y_rng": [0, 0], "z_rng": [1, 5], "alpha_rng": [-20, 20], "beta_rng": [-20, 20], "gamma_rng": [0, 0], "x_offset_rng": [-5, 5], "y_offset_rng": [-5, 5], "z_offset_rng": [0, 0], "alpha_offset_rng": [-5, -5], "beta_offset_rng": [-5, 5], "gamma_offset_rng": [-5, 5], "sample_size": 2000, "generator": "random"}